{"ambientlights":[],"camera":{"pitch":-14.999982833862305,"position":[-0.6339948773384094,0.38657650351524353,0.7494121193885803],"yaw":313.19989013671875},"directionallights":[],"hdri":"C:\\Git\\Raytracer\\Raytracer\\HDRIs\\autumn_field_4k.hdr","materials":[{"color":[0.800000011920929,0.800000011920929,0.800000011920929],"emission":[0.800000011920929,0.800000011920929,0.800000011920929],"emissionstrength":0.0,"fresnelReflectionStrength":0.0,"name":"Floor","reflectionDiffusion":0.0,"reflectiveness":0.0,"refractiveness":0.0,"transparency":0.0},{"color":[0.8382352590560913,0.10272488743066788,0.34068435430526733],"emission":[0.8382352590560913,0.10272488743066788,0.34068435430526733],"emissionstrength":0.0,"fresnelReflectionStrength":0.0,"name":"Rose","reflectionDiffusion":0.0,"reflectiveness":0.0,"refractiveness":0.0,"transparency":0.0},{"color":[0.9450980424880981,1.0,1.0],"emission":[0.9450980424880981,1.0,1.0],"emissionstrength":0.0,"fresnelReflectionStrength":1.0,"name":"glass","reflectionDiffusion":0.0,"reflectiveness":0.20000000298023224,"refractiveness":0.05999999865889549,"transparency":1.0}],"models":[{"name":"Crate","path":"src/models/crate.obj","position":[0.0,0.0,0.0],"rotation":[0.0,-0.0,0.0],"scale":[1.0,1.0,1.0],"submeshdata":[{"materialIndex":2,"name":"Crate mesh","offsetPosition":[0.0,0.0,0.0],"rotation":[0.0,0.0,0.0],"scale":[1.0,1.0,1.0]}]}],"pointlights":[{"color":[1.0,1.0,1.0],"intensity":1.0,"name":"Point light","position":[0.4906004071235657,0.3488003611564636,0.8492315411567688]}],"spheres":[]}