{"ambientlights":[],"camera":{"pitch":-31.5000057220459,"position":[-0.02198600396513939,0.6612756848335266,0.8918415904045105],"yaw":276.1998596191406},"directionallights":[{"color":[1.0,1.0,1.0],"direction":[-1.0,-1.0,1.0],"name":"Directional light"}],"materials":[{"color":[0.800000011920929,0.800000011920929,0.800000011920929],"emission":[0.800000011920929,0.800000011920929,0.800000011920929],"emissionstrength":0.0,"fresnelReflectionStrength":0.0,"name":"Floor","reflectionDiffusion":0.0,"reflectiveness":0.0,"refractiveness":0.0,"transparency":0.0},{"color":[0.8382352590560913,0.10272488743066788,0.34068435430526733],"emission":[0.8382352590560913,0.10272488743066788,0.34068435430526733],"emissionstrength":0.0,"fresnelReflectionStrength":0.0,"name":"Rose","reflectionDiffusion":0.0,"reflectiveness":0.0,"refractiveness":0.0,"transparency":0.0}],"models":[{"name":"Floor","path":"src/models/plane.obj","position":[0.0,0.0,0.0],"rotation":[0.0,-0.0,0.0],"scale":[1.0,1.0,1.0],"submeshdata":[{"materialIndex":1,"name":"Floor mesh","offsetPosition":[0.0,0.0,0.0],"rotation":[0.0,0.0,0.0],"scale":[1.0,1.0,1.0]}]},{"name":"Crate","path":"src/models/crate.obj","position":[0.0,0.0,0.0],"rotation":[0.0,-0.0,0.0],"scale":[1.0,1.0,1.0],"submeshdata":[{"materialIndex":2,"name":"Crate mesh","offsetPosition":[0.0,0.0,0.0],"rotation":[0.0,0.0,0.0],"scale":[1.0,1.0,1.0]}]}],"pointlights":[],"spheres":[]}