{"ambientlights":[{"color":[1.0,1.0,1.0],"intensity":0.10000000149011612,"name":"Ambient light"}],"camera":{"pitch":-24.199987411499023,"position":[2.050477981567383,0.8681714534759521,-0.4046456515789032],"yaw":167.69993591308594},"directionallights":[{"color":[1.0,1.0,1.0],"direction":[-1.0,-1.0,1.0],"intensity":1.0,"name":"Directional light"}],"materials":[{"color":[0.800000011920929,0.800000011920929,0.800000011920929],"emission":[0.800000011920929,0.800000011920929,0.800000011920929],"emissionstrength":0.0,"fresnelReflectionStrength":0.0,"name":"New material","reflectionDiffusion":0.0,"reflectiveness":0.0,"refractiveness":0.0,"roughness":0.0,"transparency":0.0}],"models":[{"name":"icosphere_low","path":"src/models/icosphere_low.obj","position":[0.0,0.0,0.0],"rotation":[0.0,0.0,0.0],"scale":[1.0,1.0,1.0],"submeshdata":[{"materialIndex":0,"name":"Icosphere","offsetPosition":[0.0,0.0,0.0],"rotation":[0.0,0.0,0.0],"scale":[1.0,1.0,1.0]}]}],"pointlights":[],"spheres":[]}