{"ambientlights":[{"color":[1.0,1.0,1.0],"intensity":0.10000000149011612,"name":"Ambient light"}],"camera":{"pitch":10.500011444091797,"position":[2.706918239593506,-0.6685799360275269,-1.803234577178955],"yaw":505.59979248046875},"directionallights":[{"color":[1.0,1.0,1.0],"direction":[-1.0,-1.0,1.0],"intensity":1.0,"name":"Directional light"}],"materials":[{"color":[0.800000011920929,0.800000011920929,0.800000011920929],"emission":[0.800000011920929,0.800000011920929,0.800000011920929],"emissionstrength":0.0,"fresnelReflectionStrength":0.0,"name":"New material","reflectionDiffusion":0.0,"reflectiveness":0.0,"refractiveness":0.0,"roughness":0.0,"transparency":0.0}],"models":[{"name":"icosphere_low","path":"src/models/icosphere_low.obj","position":[0.0,0.019999999552965164,0.0],"rotation":[0.0,-0.0,0.0],"scale":[1.0,1.0,1.0],"submeshdata":[{"materialIndex":0,"name":"Icosphere","offsetPosition":[0.0,0.0,0.0],"rotation":[0.0,0.0,0.0],"scale":[1.0,1.0,1.0]}]}],"pointlights":[],"settings":{"wireframe":true},"spheres":[]}